cobertura,OBJECTID_1,ID,IDH,layer,b2,b3,b4,b5,b6,b7,b8,b9,system:index,b1
agua,10,,1,02_agua_val_subset,0.018,0.0105,0.0173,0.0099,0.0071,0.24460433,-0.019829994,0.019325504,0_0,0.0198
agua,167,,1,02_agua_val_subset,0.022920148,0.016848026,0.18794847,0.0650089,0.031107146,0.83546567,0.782612,0.36414862,2_0,0.010909963
agua,168,,1,02_agua_val_subset,0.021857113,0.013615516,0.026286269,0.016476322,0.011933922,0.3175485,0.09199927,0.03520294,3_0,0.021381006
agua,170,,1,02_agua_val_subset,0.020022597,0.013502209,0.02501085,0.014752924,0.010921272,0.29882437,0.11076774,0.03205672,5_0,0.020570453
agua,171,,1,02_agua_val_subset,0.021873623,0.015821062,0.029950967,0.018178575,0.012738545,0.30870175,0.15585929,0.038834635,6_0,0.024914019
cultivos,105,,2,03_cultivos_val_subset,0.07106337,0.053384595,0.41432813,0.2315201,0.11750484,0.7717206,0.7071915,0.55947936,8_0,0.038756173
cultivos,111,,2,03_cultivos_val_subset,0.06972117,0.03717915,0.5502938,0.21463321,0.09666394,0.87342685,0.77509844,0.70776194,9_0,0.037566304
cultivos,131,,2,03_cultivos_val_subset,0.075970046,0.044635918,0.48655346,0.20028038,0.09027363,0.8319397,0.7298956,0.6428269,11_0,0.032000914
cultivos,132,,2,03_cultivos_val_subset,0.07358869,0.061968002,0.32954898,0.22529832,0.11996334,0.68344665,0.6349203,0.4502118,12_0,0.036107056
estepa,34,,3,04_estepa_val,0.08171438,0.10002505,0.18623061,0.2216933,0.17128727,0.30114886,0.39006603,0.16446094,13_0,0.05871872
estepa,137,,3,04_estepa_val,0.08526975,0.11429885,0.25453383,0.27657348,0.17787185,0.380213,0.4981233,0.2421093,14_0,0.060056806
estepa,147,,3,04_estepa_val,0.11100298,0.13772964,0.20304424,0.26717144,0.22894213,0.19166549,0.29308096,0.116525844,16_0,0.07577411
estepa,214,,3,04_estepa_val,0.0905,0.1161,0.2249,0.2795,0.1962,0.3190616,0.4261256,0.19405471,17_0,0.0654
estepa,234,,3,04_estepa_val,0.12828442,0.16213845,0.22400078,0.24215683,0.20669018,0.16020733,0.27170134,0.104716614,18_0,0.07713495
estepa,294,,3,04_estepa_val,0.084444165,0.10267112,0.2014147,0.23653376,0.17706636,0.32472277,0.40918982,0.18420345,19_0,0.058196127
estepa,0,,3,04_estepa_val,0.07963759,0.096762165,0.1914816,0.2415041,0.17070797,0.3286088,0.4125271,0.18024774,20_0,0.055754248
estepa,0,,3,04_estepa_val,0.07810287,0.09394061,0.18243359,0.24018027,0.17293821,0.32019264,0.40044576,0.17097357,21_0,0.057194367
estepa,0,,3,04_estepa_val,0.08748751,0.11038035,0.20114845,0.25377724,0.18210521,0.29136342,0.3937865,0.16777241,22_0,0.059548423
estepa,0,,3,04_estepa_val,0.08257403,0.10416221,0.16673371,0.20339155,0.15708822,0.23097986,0.33757347,0.12175088,25_0,0.055907864
estepa,0,,3,04_estepa_val,0.07867073,0.09440478,0.19340399,0.25024813,0.1653619,0.34397566,0.4216976,0.18849602,26_0,0.05520655
estepa,0,,3,04_estepa_val,0.081359506,0.09956447,0.18468404,0.23788784,0.1732567,0.29945475,0.3883745,0.16280471,27_0,0.057048213
estepa,0,,3,04_estepa_val,0.0774947,0.09324872,0.1636444,0.22632068,0.17000373,0.27402714,0.35726142,0.13950917,28_0,0.0572859
estepa,0,,3,04_estepa_val,0.06960455,0.08281865,0.14793065,0.18558025,0.13916817,0.28217638,0.3600617,0.1336546,29_0,0.0477146
estepa,0,,3,04_estepa_val,0.08194023,0.09609387,0.18401471,0.24279319,0.18066745,0.31388128,0.38380364,0.169055,31_0,0.058427893
estepa,0,,3,04_estepa_val,0.07741032,0.093563676,0.17008792,0.20779458,0.15897469,0.2902476,0.37445763,0.15031248,32_0,0.053256113
estepa,0,,3,04_estepa_val,0.09528875,0.11995538,0.18950143,0.24940223,0.19863267,0.22473589,0.33081436,0.1288754,33_0,0.06502853
estepa,0,,3,04_estepa_val,0.09083881,0.11580009,0.18855995,0.23141615,0.18850853,0.23905851,0.34975508,0.13568525,34_0,0.061414044
estepa,0,,3,04_estepa_val,0.08509395,0.1061992,0.18605047,0.23862003,0.19276795,0.27322966,0.37233487,0.15118583,35_0,0.05984008
estepa,0,,3,04_estepa_val,0.08773326,0.107617006,0.19029103,0.23323916,0.17076154,0.27751526,0.3688806,0.15542021,36_0,0.060234
estepa,0,,3,04_estepa_val,0.08571652,0.10828923,0.20036842,0.28005514,0.21544284,0.29832143,0.40076172,0.17080007,37_0,0.063385144
estepa,0,,3,04_estepa_val,0.080439836,0.09794883,0.17851016,0.24205245,0.18490683,0.29140428,0.37872303,0.15563217,38_0,0.05924168
estepa,0,,3,04_estepa_val,0.081573434,0.099690385,0.18351696,0.25186148,0.18105729,0.29599014,0.3845614,0.1605448,39_0,0.057489395
estepa,0,,3,04_estepa_val,0.07951642,0.10055454,0.16517174,0.21819107,0.1764189,0.24317203,0.35005912,0.12658022,40_0,0.05445463
estepa,0,,3,04_estepa_val,0.076864295,0.09463282,0.16693728,0.2512782,0.18804094,0.2764248,0.36945203,0.14241196,41_0,0.057026215
estepa,0,,3,04_estepa_val,0.07521686,0.090889804,0.17138779,0.21880312,0.1590166,0.30691904,0.3899802,0.1584029,42_0,0.05384531
estepa,0,,3,04_estepa_val,0.07968023,0.101202935,0.17555952,0.27817276,0.22764033,0.26866573,0.37564406,0.14358944,45_0,0.05671929
humedal,38,,4,07_humedales_val_subset,0.031703826,0.03565843,0.12566723,0.10539107,0.064532645,0.5579323,0.59708184,0.20415539,47_0,0.019457523
matorral abierto,43,,5,08_matorral_abierto_val_subset,0.061297845,0.064546645,0.24259041,0.14152625,0.09586857,0.5796883,0.5965764,0.33088017,48_0,0.035800114
matorral abierto,59,,5,08_matorral_abierto_val_subset,0.04842583,0.047232896,0.2664957,0.16040424,0.08557137,0.69889325,0.6924578,0.40418172,49_0,0.026643675
matorral abierto,138,,5,08_matorral_abierto_val_subset,0.06617133,0.07524121,0.19298115,0.20373113,0.13823871,0.43896395,0.4893251,0.22989427,50_0,0.04306529
matorral abierto,174,,5,08_matorral_abierto_val_subset,0.060258377,0.07778114,0.24807154,0.22675271,0.1182735,0.52259934,0.6091305,0.30929923,51_0,0.042111874
matorral abierto,175,,5,08_matorral_abierto_val_subset,0.05817749,0.04535658,0.31478697,0.16548197,0.087079935,0.7481194,0.6880266,0.4698583,52_0,0.028299527
matorral abierto,178,,5,08_matorral_abierto_val_subset,0.047508053,0.032259535,0.34335178,0.14764631,0.06890819,0.8282292,0.7569049,0.53292865,55_0,0.022202807
matorral abierto,179,,5,08_matorral_abierto_val_subset,0.06482057,0.06804984,0.28738293,0.27504167,0.1487013,0.6170874,0.6319141,0.38460022,56_0,0.042095825
matorral abierto,180,,5,08_matorral_abierto_val_subset,0.06284048,0.050457545,0.39327464,0.17135046,0.08421819,0.7725766,0.72445345,0.54488516,57_0,0.029424535
matorral abierto,201,,5,08_matorral_abierto_val_subset,0.080952585,0.10304486,0.19994162,0.23826526,0.17065029,0.31980556,0.423608,0.18100572,58_0,0.050548993
matorral abierto,211,,5,08_matorral_abierto_val_subset,0.05346342,0.043537613,0.2692091,0.12946472,0.08201197,0.7215791,0.6686212,0.4164978,59_0,0.03232714
matorral abierto,212,,5,08_matorral_abierto_val_subset,0.06068352,0.056091927,0.28670123,0.20202515,0.1072057,0.672736,0.6506265,0.41043755,60_0,0.039680503
matorral abierto,213,,5,08_matorral_abierto_val_subset,0.07433078,0.07790386,0.29339606,0.2611099,0.1457076,0.58037233,0.5957283,0.37098396,61_0,0.052291263
matorral abierto,216,,5,08_matorral_abierto_val_subset,0.052580133,0.053625133,0.21785717,0.15829909,0.094566815,0.60494566,0.61114734,0.31931782,62_0,0.033424426
matorral abierto,217,,5,08_matorral_abierto_val_subset,0.04786918,0.038065717,0.26064593,0.12515749,0.068453,0.74513406,0.68968016,0.41801107,63_0,0.026537303
matorral abierto,225,,5,08_matorral_abierto_val_subset,0.03731457,0.030839115,0.23661332,0.12999171,0.06553515,0.7693862,0.72755915,0.4021895,64_0,0.017077727
matorral abierto,269,,5,08_matorral_abierto_val_subset,0.06064857,0.054877196,0.28964633,0.17834647,0.10170729,0.68143135,0.6537285,0.41698506,66_0,0.03868009
matorral abierto,283,,5,08_matorral_abierto_val_subset,0.04613838,0.03583967,0.26089108,0.13921368,0.07052047,0.75843644,0.69945306,0.4237029,67_0,0.024579503
matorral arborescente,8,,6,09_matorral_arborescente_val_subset,0.03981843,0.03211041,0.24794285,0.1275283,0.06526361,0.7706835,0.7232537,0.41503406,69_0,0.022977749
matorral arborescente,24,,6,09_matorral_arborescente_val_subset,0.04223093,0.033705812,0.253621,0.12403546,0.06494711,0.7653835,0.71451306,0.41897824,70_0,0.02699617
matorral arborescente,36,,6,09_matorral_arborescente_val_subset,0.04986157,0.049954157,0.30316272,0.176793,0.091276616,0.7170673,0.7175176,0.4452061,71_0,0.028637063
matorral arborescente,37,,6,09_matorral_arborescente_val_subset,0.047688067,0.041813947,0.2510168,0.1436986,0.07429462,0.7144156,0.6807011,0.39580235,72_0,0.027598072
matorral arborescente,58,,6,09_matorral_arborescente_val_subset,0.039769806,0.034612652,0.23878217,0.12891874,0.06457818,0.7467936,0.7144532,0.39598697,73_0,0.023230482
matorral arborescente,64,,6,09_matorral_arborescente_val_subset,0.04403608,0.03953077,0.24067126,0.15712743,0.07990497,0.71784097,0.6906572,0.38670847,75_0,0.024787826
matorral arborescente,89,,6,09_matorral_arborescente_val_subset,0.048244685,0.048004482,0.20094857,0.15274096,0.09676744,0.6143491,0.612793,0.30631578,76_0,0.025776263
matorral arborescente,91,,6,09_matorral_arborescente_val_subset,0.04521161,0.039648805,0.23805638,0.13227265,0.06834929,0.714454,0.6807856,0.3826789,78_0,0.02897657
matorral arborescente,151,,6,09_matorral_arborescente_val_subset,0.042775974,0.033866998,0.30598557,0.138972,0.067251794,0.80069596,0.75469786,0.48601133,80_0,0.021818208
matorral arborescente,181,,6,09_matorral_arborescente_val_subset,0.03436083,0.025422031,0.25978163,0.098863706,0.04828681,0.82172716,0.76636606,0.44770473,82_0,0.016967416
matorral arborescente,182,,6,09_matorral_arborescente_val_subset,0.0354932,0.02467926,0.3228283,0.1131525,0.04967782,0.85796416,0.80189186,0.5276927,83_0,0.017021388
matorral arborescente,183,,6,09_matorral_arborescente_val_subset,0.035357226,0.024508392,0.2710982,0.0990877,0.049012404,0.8341824,0.76925045,0.46490905,84_0,0.01762112
matorral arborescente,184,,6,09_matorral_arborescente_val_subset,0.03529449,0.027677251,0.27850404,0.09023371,0.041943155,0.81921005,0.77505,0.46669427,85_0,0.023618145
matorral arborescente,187,,6,09_matorral_arborescente_val_subset,0.05148992,0.044960205,0.29497233,0.16254894,0.084787,0.7354757,0.7027675,0.4464861,86_0,0.029000606
matorral arborescente,190,,6,09_matorral_arborescente_val_subset,0.02996772,0.017332507,0.32165238,0.103997566,0.040569473,0.89773875,0.8295449,0.54408586,88_0,0.0124437185
matorral arborescente,191,,6,09_matorral_arborescente_val_subset,0.047490284,0.035034515,0.4191127,0.1574239,0.07741934,0.84571296,0.79644245,0.60380334,89_0,0.021951852
matorral arborescente,192,,6,09_matorral_arborescente_val_subset,0.038544487,0.028233226,0.35196683,0.12642767,0.060047008,0.8514823,0.8025948,0.5516932,90_0,0.012600764
matorral arborescente,193,,6,09_matorral_arborescente_val_subset,0.043040592,0.028187718,0.3713066,0.14128335,0.063181974,0.858883,0.79224867,0.5721863,91_0,0.019430526
matorral arborescente,194,,6,09_matorral_arborescente_val_subset,0.038557153,0.028234217,0.3002759,0.1282853,0.061144155,0.8281075,0.77241206,0.4925257,92_0,0.019979607
matorral arborescente,196,,6,09_matorral_arborescente_val_subset,0.047058538,0.039511483,0.2242852,0.10197183,0.059850007,0.7004399,0.6531445,0.36287218,93_0,0.026380137
matorral arborescente,197,,6,09_matorral_arborescente_val_subset,0.045394823,0.042287376,0.23720376,0.14754413,0.07699131,0.69739735,0.6787328,0.3750839,94_0,0.024002539
matorral arborescente,198,,6,09_matorral_arborescente_val_subset,0.034804642,0.025449906,0.27753672,0.120116025,0.054523993,0.8320064,0.77713716,0.47090477,95_0,0.014301761
matorral arborescente,200,,6,09_matorral_arborescente_val_subset,0.038467605,0.030982073,0.23500158,0.14135773,0.07192109,0.76703775,0.71866953,0.39952454,96_0,0.022627106
matorral arborescente,205,,6,09_matorral_arborescente_val_subset,0.04133431,0.033856504,0.24230917,0.13086587,0.066982836,0.7548102,0.7085474,0.40285084,98_0,0.020504955
matorral arborescente,210,,6,09_matorral_arborescente_val_subset,0.03748338,0.027807355,0.2796047,0.11075113,0.051124033,0.8190874,0.7635775,0.46778595,99_0,0.024098024
matorral arborescente,218,,6,09_matorral_arborescente_val_subset,0.04450506,0.03434826,0.28831387,0.14582288,0.07216115,0.78709453,0.73255694,0.4630679,101_0,0.0271317
matorral arborescente,221,,6,09_matorral_arborescente_val_subset,0.031918485,0.023861313,0.26826724,0.11922283,0.05023308,0.8366383,0.7873418,0.4628149,102_0,0.018932564
matorral arborescente,242,,6,09_matorral_arborescente_val_subset,0.051147427,0.033996053,0.47184604,0.14992283,0.06979339,0.8655863,0.8044051,0.6529603,103_0,0.023723355
matorral arborescente,259,,6,09_matorral_arborescente_val_subset,0.047213595,0.041259352,0.2720172,0.1560511,0.08074148,0.73659474,0.704204,0.4256077,104_0,0.027174935
matorral arborescente,277,,6,09_matorral_arborescente_val_subset,0.036531005,0.031427626,0.27786836,0.13830763,0.06534146,0.79677963,0.767614,0.45676872,105_0,0.019732313
plantacion,292,,7,10_plantaciones_val_subset,0.037469,0.024818024,0.28948963,0.06992534,0.03186522,0.84207815,0.7708028,0.48753983,107_0,0.019597417
plantacion,295,,7,10_plantaciones_val_subset,0.036330555,0.024191568,0.29681328,0.07780952,0.04076029,0.849276,0.78189266,0.49808788,108_0,0.013597869
plantacion,320,,7,10_plantaciones_val_subset,0.023455385,0.01713337,0.1936148,0.06909347,0.03165709,0.8374043,0.7838912,0.3724556,110_0,0.010168854
plantacion,473,,7,10_plantaciones_val_subset,0.030831909,0.024959486,0.20422123,0.06288244,0.03582616,0.78218514,0.7376601,0.36875993,111_0,0.011607859
pradera,4,,8,11_pradera_val_subset,0.0660316,0.056689963,0.31433812,0.23694845,0.12802175,0.6944169,0.65280306,0.44369665,112_0,0.03992621
pradera,29,,8,11_pradera_val_subset,0.096202224,0.11937881,0.20306422,0.21958774,0.17403111,0.25953546,0.35707977,0.15262833,114_0,0.064549975
pradera,46,,8,11_pradera_val_subset,0.07265047,0.07246056,0.32472822,0.23420481,0.1254539,0.6351329,0.63435143,0.4217635,115_0,0.04058741
pradera,48,,8,11_pradera_val_subset,0.09518148,0.09360163,0.37720358,0.29201552,0.1653627,0.6023764,0.5970174,0.43819597,116_0,0.06642584
pradera,207,,8,11_pradera_val_subset,0.07313957,0.095452905,0.25490424,0.26841068,0.16689031,0.45511085,0.55408657,0.28126654,118_0,0.045444846
pradera,239,,8,11_pradera_val_subset,0.07179235,0.08640833,0.2881718,0.22581263,0.1271577,0.538639,0.6011139,0.34604627,119_0,0.03828864
pradera,241,,8,11_pradera_val_subset,0.0814529,0.06966367,0.4041081,0.21341568,0.10935082,0.70591885,0.6644998,0.51517886,120_0,0.037568226
pradera,245,,8,11_pradera_val_subset,0.06895624,0.050522532,0.3996968,0.1728677,0.08377274,0.7755648,0.70572585,0.5512005,121_0,0.027819026
pradera,267,,8,11_pradera_val_subset,0.07575807,0.074940816,0.30560404,0.25385293,0.14161886,0.60613936,0.60269743,0.39293265,123_0,0.046549458
pradera,330,,8,11_pradera_val_subset,0.0551268,0.042069238,0.38885322,0.17865351,0.083333775,0.804748,0.7516699,0.55877477,126_0,0.02603177
pradera,331,,8,11_pradera_val_subset,0.06959195,0.07481903,0.30403584,0.2562466,0.14092131,0.6050254,0.6274798,0.39121956,127_0,0.045716982
pradera,334,,8,11_pradera_val_subset,0.0683954,0.045596607,0.46256927,0.1972852,0.09169305,0.8205444,0.74237305,0.6203929,128_0,0.030098105
pradera,336,,8,11_pradera_val_subset,0.078602955,0.07437523,0.33657628,0.2437365,0.1315739,0.63803405,0.6213541,0.4317481,129_0,0.052625846
pradera,337,,8,11_pradera_val_subset,0.06553314,0.037907306,0.53151655,0.20579651,0.090486415,0.86685735,0.78047675,0.69234836,130_0,0.024680587
pradera,339,,8,11_pradera_val_subset,0.07143462,0.058774035,0.3659021,0.18864113,0.10004237,0.7232054,0.6733198,0.49821994,132_0,0.033570915
pradera,342,,8,11_pradera_val_subset,0.07000886,0.072106995,0.28234097,0.24571267,0.13024771,0.5931307,0.6026173,0.36906984,133_0,0.04516998
pradera,343,,8,11_pradera_val_subset,0.060805533,0.069144785,0.2324886,0.17779195,0.10232085,0.54153097,0.5853614,0.3056456,134_0,0.03910913
pradera,344,,8,11_pradera_val_subset,0.067031786,0.067756414,0.2797754,0.23720405,0.123664275,0.61007077,0.61343485,0.37524077,135_0,0.03993515
pradera,345,,8,11_pradera_val_subset,0.067302056,0.08633946,0.24000196,0.31622797,0.1950566,0.47086424,0.5619839,0.27893284,136_0,0.049496226
pradera,348,,8,11_pradera_val_subset,0.069092594,0.06783418,0.35449556,0.2306082,0.12055179,0.67876196,0.67377466,0.4662021,138_0,0.03667054
pradera,352,,8,11_pradera_val_subset,0.06399498,0.06536297,0.28378254,0.18882193,0.101930864,0.62558323,0.6319775,0.3858342,139_0,0.033799063
pradera,353,,8,11_pradera_val_subset,0.070382014,0.07597185,0.32241604,0.24133573,0.1326702,0.61860365,0.6416377,0.41147736,140_0,0.034246877
pradera,355,,8,11_pradera_val_subset,0.07124861,0.06878277,0.29546472,0.20782997,0.11754308,0.6223295,0.61142063,0.39343235,141_0,0.048343133
pradera,364,,8,11_pradera_val_subset,0.05843968,0.049804956,0.42027152,0.1775536,0.08769879,0.7880985,0.7558458,0.5728413,142_0,0.028496608
pradera,365,,8,11_pradera_val_subset,0.057814937,0.047883723,0.43342656,0.1743528,0.082655184,0.80102766,0.764617,0.58932865,143_0,0.02767632
pradera,368,,8,11_pradera_val_subset,0.06480507,0.07268789,0.30729568,0.18151923,0.09360185,0.6174156,0.65168,0.3999071,144_0,0.035144024
pastoreo,154,,8,12_pastoreo_val_subset,0.06478779,0.051628087,0.4233111,0.1847538,0.08763447,0.78259075,0.7345301,0.5718557,146_0,0.02984328
pastoreo,156,,8,12_pastoreo_val_subset,0.046299655,0.037912965,0.24756415,0.16347612,0.081324324,0.73438877,0.6848904,0.400364,147_0,0.026946109
pastoreo,158,,8,12_pastoreo_val_subset,0.04919494,0.047927894,0.2717937,0.19093713,0.099516325,0.7001898,0.69347864,0.4096497,148_0,0.030279286
pastoreo,327,,8,12_pastoreo_val_subset,0.07387159,0.046142213,0.48541835,0.21505883,0.099852115,0.8263896,0.73583794,0.6387547,150_0,0.033602748
pastoreo,356,,8,12_pastoreo_val_subset,0.06804914,0.035163943,0.55791855,0.19890022,0.088301525,0.8814197,0.78257936,0.7173584,151_0,0.032265563
pastoreo,366,,8,12_pastoreo_val_subset,0.06464762,0.04163852,0.51357365,0.18479916,0.08453873,0.8500086,0.7763914,0.6708629,153_0,0.03048979
primario,13,,9,13_primario_val,0.031055508,0.027663909,0.21358398,0.114655145,0.05469938,0.77065986,0.74611205,0.37623054,154_0,0.018500466
primario,35,,9,13_primario_val,0.038248383,0.025991566,0.30603737,0.12440093,0.0550972,0.84343797,0.7778103,0.5048727,156_0,0.01823918
primario,85,,9,13_primario_val,0.059544917,0.04934233,0.4093734,0.19279952,0.09399977,0.7848675,0.7460329,0.5633021,157_0,0.034285504
primario,87,,9,13_primario_val,0.1301284,0.14763637,0.19594799,0.22783211,0.20774181,0.14061065,0.20185329,0.08590419,159_0,0.09949778
primario,88,,9,13_primario_val,0.042020764,0.032306284,0.35255122,0.15013202,0.068559915,0.832113,0.78700584,0.54287547,160_0,0.022612548
primario,143,,9,13_primario_val,0.03680897,0.027076764,0.24404006,0.11721639,0.055095725,0.80025756,0.7378736,0.42204362,161_0,0.019858006
primario,159,,9,13_primario_val,0.032689385,0.020170433,0.2654257,0.08417867,0.03943713,0.85874856,0.7806929,0.46828502,162_0,0.013873864
primario,232,,9,13_primario_val,0.03266716,0.020521393,0.3087301,0.11415612,0.044715464,0.8753452,0.8086267,0.5213292,163_0,0.017092125
primario,233,,9,13_primario_val,0.033863295,0.018650359,0.34183902,0.11164129,0.042868394,0.8965275,0.8197334,0.56338054,164_0,0.01679064
primario,236,,9,13_primario_val,0.03199037,0.024306864,0.29313576,0.12216933,0.059182562,0.8468582,0.8032125,0.49329865,165_0,0.019278351
primario,254,,9,13_primario_val,0.031548925,0.019475585,0.3359193,0.10816267,0.04188729,0.8904003,0.82829034,0.5549081,166_0,0.017782861
primario,257,,9,13_primario_val,0.041896727,0.029326405,0.32239044,0.11878164,0.051972743,0.83323854,0.76997966,0.5161293,167_0,0.018699963
primario,258,,9,13_primario_val,0.03607655,0.023458889,0.3131709,0.11555799,0.04809293,0.860625,0.7934041,0.5194269,168_0,0.01649913
primario,261,,9,13_primario_val,0.029343657,0.018024271,0.36496428,0.09960371,0.035249725,0.9058757,0.85116374,0.58937347,169_0,0.012203473
primario,271,,9,13_primario_val,0.0248312,0.015803276,0.24211733,0.074591294,0.032856144,0.87745625,0.81396264,0.44789794,170_0,0.010542684
primario,279,,9,13_primario_val,0.028160438,0.018046718,0.24735437,0.078122415,0.036564294,0.8640042,0.7955795,0.44938725,172_0,0.012925234
primario,281,,9,13_primario_val,0.037769843,0.027357342,0.2815478,0.11609221,0.052384526,0.82287544,0.76343405,0.4713602,173_0,0.01734226
primario,288,,9,13_primario_val,0.032720212,0.024774075,0.24704966,0.106524825,0.051124047,0.8177196,0.76609194,0.43198124,174_0,0.01579072
primario,372,,9,13_primario_val,0.027110947,0.01768977,0.25195307,0.08135897,0.036060683,0.8687911,0.8057009,0.45656884,176_0,0.01188988
primario,373,,9,13_primario_val,0.040154405,0.028983716,0.43026236,0.16784386,0.06834271,0.873777,0.82928157,0.6274907,177_0,0.022619871
primario,374,,9,13_primario_val,0.024134787,0.016038155,0.251248,0.07590767,0.031816915,0.8799926,0.82471824,0.45982164,178_0,0.011676784
primario,376,,9,13_primario_val,0.035023022,0.025357736,0.35031,0.12665528,0.053259727,0.8649991,0.8182195,0.5566362,180_0,0.016836978
primario,377,,9,13_primario_val,0.033761162,0.0242912,0.2669272,0.11626027,0.050793044,0.83317536,0.7754409,0.45999184,181_0,0.019721687
primario,379,,9,13_primario_val,0.038346857,0.028420342,0.29277614,0.12068255,0.056522664,0.8230345,0.768383,0.4828731,183_0,0.016108502
primario,380,,9,13_primario_val,0.031131126,0.021574592,0.29848048,0.117643245,0.04704673,0.865182,0.8111042,0.50650114,184_0,0.017726364
primario,381,,9,13_primario_val,0.031506773,0.021360504,0.27417466,0.10415198,0.04560992,0.85544527,0.79385877,0.47668695,185_0,0.015807094
primario,382,,9,13_primario_val,0.03810509,0.02444611,0.39384508,0.1318679,0.055279598,0.8831144,0.8235672,0.6034017,186_0,0.019578319
primario,383,,9,13_primario_val,0.02894579,0.01984581,0.29145586,0.10794456,0.043706343,0.8724979,0.8193156,0.5021746,187_0,0.0151215475
primario,384,,9,13_primario_val,0.03342959,0.020646548,0.3448735,0.09381662,0.041453756,0.8870292,0.82326555,0.56190544,188_0,0.015197714
primario,385,,9,13_primario_val,0.025531828,0.015704691,0.24215598,0.07137106,0.03236121,0.8781924,0.8092418,0.448205,189_0,0.011547168
primario,387,,9,13_primario_val,0.029933281,0.018290065,0.3180982,0.08271048,0.038191613,0.8912562,0.8279852,0.53768355,191_0,0.012552314
primario,388,,9,13_primario_val,0.023851983,0.014299091,0.2706205,0.06946264,0.028368168,0.8996272,0.83800197,0.4898363,192_0,0.010612269
primario,390,,9,13_primario_val,0.038421232,0.023662979,0.31970164,0.12337336,0.05319671,0.86217,0.7854299,0.52653146,193_0,0.02136559
primario,392,,9,13_primario_val,0.032337595,0.02437214,0.29970542,0.11427049,0.047354218,0.8495907,0.8052204,0.50116634,195_0,0.017681198
primario,393,,9,13_primario_val,0.03066361,0.021025667,0.21895662,0.094836794,0.041766737,0.8247732,0.75431794,0.401221,196_0,0.0141483145
primario,394,,9,13_primario_val,0.05674479,0.045767523,0.23593506,0.10172493,0.054325342,0.6750649,0.61223984,0.36491027,197_0,0.049495105
primario,395,,9,13_primario_val,0.032719996,0.022714676,0.30290788,0.119087964,0.049835972,0.8604846,0.8050222,0.50905806,198_0,0.017512374
primario,396,,9,13_primario_val,0.029304467,0.019106057,0.23910204,0.10441036,0.044904087,0.85201037,0.7816411,0.43522877,199_0,0.014732742
primario,397,,9,13_primario_val,0.016985545,0.008278303,0.14301638,0.04414996,0.021420278,0.8905672,0.78768325,0.31031594,200_0,0.0070996135
primario,398,,9,13_primario_val,0.0164282,0.011183455,0.13943736,0.04685308,0.020220304,0.8515019,0.78920037,0.29568815,201_0,0.010303909
primario,399,,9,13_primario_val,0.021183016,0.01383137,0.18694498,0.0709185,0.030490598,0.8622211,0.7964424,0.37054676,202_0,0.012898244
primario,400,,9,13_primario_val,0.022940917,0.013084984,0.22495182,0.09409871,0.036162384,0.8900592,0.81491256,0.43060216,203_0,0.01631589
primario,401,,9,13_primario_val,0.028852262,0.019088263,0.25921363,0.08519384,0.036103927,0.8628233,0.7996829,0.46278706,204_0,0.012827532
primario,402,,9,13_primario_val,0.032962885,0.021406163,0.30911836,0.101642296,0.043409508,0.87047154,0.80728036,0.5196334,205_0,0.013638843
primario,403,,9,13_primario_val,0.032906268,0.02417949,0.27217197,0.11719045,0.051064424,0.8368188,0.78427655,0.46711627,206_0,0.017187024
primario,404,,9,13_primario_val,0.03938403,0.025155665,0.40399662,0.14625022,0.056286886,0.88276577,0.8223466,0.6115913,207_0,0.01961301
primario,406,,9,13_primario_val,0.026103955,0.016021729,0.23906885,0.09337634,0.040161025,0.874384,0.8031174,0.44308683,209_0,0.013998527
primario,407,,9,13_primario_val,0.03452179,0.022855274,0.3534443,0.12838347,0.051137257,0.87852615,0.8220371,0.5658836,210_0,0.019729078
primario,408,,9,13_primario_val,0.048003957,0.033623952,0.49615785,0.14681937,0.066112146,0.8730649,0.82356733,0.6737358,211_0,0.018287033
primario,0,,9,13_primario_val,0.036328774,0.025033323,0.30440795,0.09855535,0.040547315,0.84802556,0.78676337,0.505234,212_0,0.027114287
primario,0,,9,13_primario_val,0.020685503,0.013038103,0.25151756,0.06963904,0.027225962,0.90143394,0.8480142,0.46787855,213_0,0.010733088
primario,0,,9,13_primario_val,0.026716024,0.016691186,0.26963812,0.095513806,0.039179534,0.88341266,0.819702,0.482521,214_0,0.012106522
primario,0,,9,13_primario_val,0.026422404,0.017243097,0.27424794,0.091336235,0.03680326,0.8816904,0.82424337,0.4870646,216_0,0.011927786
primario,0,,9,13_primario_val,0.027835561,0.016276324,0.29752383,0.11082032,0.04205804,0.8962631,0.8288934,0.5183966,217_0,0.018015737
primario,0,,9,13_primario_val,0.0321846,0.01902839,0.34944767,0.1302266,0.04997324,0.89671844,0.83133185,0.57068807,218_0,0.019069623
primario,0,,9,13_primario_val,0.030418744,0.01722124,0.3779163,0.1347604,0.052123144,0.9128342,0.85101086,0.604424,219_0,0.016628105
primario,0,,9,13_primario_val,0.02702469,0.016395915,0.28686178,0.11053089,0.042448368,0.8918681,0.82780594,0.5050668,221_0,0.018534489
primario,0,,9,13_primario_val,0.025659231,0.0152528295,0.29343513,0.09514538,0.035174552,0.9011764,0.8391746,0.51598823,223_0,0.014631035
primario,0,,9,13_primario_val,0.026356254,0.015450817,0.29316843,0.10048992,0.037700117,0.89987135,0.83502835,0.51517004,224_0,0.017242355
primario,0,,9,13_primario_val,0.026609104,0.015764512,0.2805011,0.10240239,0.041728634,0.8935785,0.82671297,0.49870905,225_0,0.015133681
primario,0,,9,13_primario_val,0.03207079,0.01686817,0.36993465,0.134579,0.051056687,0.91278154,0.840446,0.5972012,226_0,0.016569588
primario,0,,9,13_primario_val,0.02345412,0.014372215,0.26928014,0.08735493,0.031484373,0.89866316,0.8397583,0.48792285,227_0,0.011617822
primario,0,,9,13_primario_val,0.029611686,0.01697069,0.35159045,0.1211361,0.043446727,0.90790844,0.8446405,0.57788634,230_0,0.016053764
primario,0,,9,13_primario_val,0.03542581,0.025142381,0.32290524,0.119778514,0.05066575,0.85552335,0.8022733,0.5266736,231_0,0.018548911
primario,0,,9,13_primario_val,0.041102137,0.032121707,0.3571758,0.13781424,0.060536556,0.834976,0.79360074,0.5482767,232_0,0.023114635
primario,0,,9,13_primario_val,0.037728954,0.027270844,0.30895886,0.12975425,0.05594524,0.83778447,0.78234625,0.5052822,233_0,0.02271403
primario,0,,9,13_primario_val,0.035998467,0.024478525,0.3105031,0.11501428,0.048838787,0.85385156,0.79221755,0.5138279,234_0,0.018178163
primario,0,,9,13_primario_val,0.03797588,0.028111355,0.31238675,0.12734681,0.05508948,0.834881,0.7832196,0.5073338,237_0,0.020476816
primario,0,,9,13_primario_val,0.03502347,0.0267384,0.2959962,0.11426478,0.05005814,0.834301,0.7883904,0.49090764,241_0,0.020445608
primario,0,,9,13_primario_val,0.035087064,0.025108842,0.31900752,0.12466624,0.053210255,0.85406774,0.80182093,0.5222598,243_0,0.016154101
primario,0,,9,13_primario_val,0.038629174,0.030081866,0.39346445,0.1440464,0.062087685,0.8579524,0.82119995,0.59019655,244_0,0.020206243
primario,0,,9,13_primario_val,0.038599286,0.028923467,0.35267264,0.14502393,0.06111089,0.848408,0.80269843,0.5508461,245_0,0.019178238
primario,0,,9,13_primario_val,0.03508276,0.024596782,0.32277635,0.1260326,0.05254597,0.8583841,0.80392975,0.5278305,246_0,0.015963016
primario,0,,9,13_primario_val,0.035533205,0.025469065,0.33170342,0.12527063,0.05327135,0.8573851,0.8064833,0.5358916,247_0,0.015148333
primario,0,,9,13_primario_val,0.035536002,0.02468611,0.31996256,0.12476318,0.053934034,0.85674626,0.8000779,0.5243774,249_0,0.016179033
primario,0,,9,13_primario_val,0.034173608,0.023863802,0.28467757,0.1131926,0.05004132,0.8453121,0.7856454,0.48385978,250_0,0.014887267
primario,0,,9,13_primario_val,0.036783475,0.0255391,0.32787755,0.12127284,0.051061165,0.85547316,0.7982594,0.5314024,251_0,0.020547612
primario,0,,9,13_primario_val,0.04111353,0.03438186,0.23813562,0.1234738,0.056993965,0.74767226,0.7055423,0.3956294,252_0,0.03168359
primario,0,,9,13_primario_val,0.035503183,0.025845736,0.36256456,0.12850013,0.05467882,0.8669153,0.82162243,0.5685191,253_0,0.02392085
primario,0,,9,13_primario_val,0.03290034,0.021622637,0.3662947,0.12745096,0.05094932,0.88851935,0.8351666,0.58227056,254_0,0.020500986
primario,0,,9,13_primario_val,0.040348228,0.029999215,0.30236572,0.13105193,0.061912525,0.81948024,0.764537,0.4908301,255_0,0.01980251
primario,0,,9,13_primario_val,0.038865026,0.032209504,0.23715106,0.12791581,0.06465804,0.7608447,0.7183858,0.39956862,257_0,0.020776497
primario,0,,9,13_primario_val,0.035011623,0.026782926,0.26262572,0.115756586,0.052597124,0.81491274,0.76473635,0.44813824,258_0,0.016838128
primario,0,,9,13_primario_val,0.043564834,0.03300247,0.33559337,0.1447329,0.066769406,0.8209287,0.77020234,0.52255183,260_0,0.022905542
primario,0,,9,13_primario_val,0.036742132,0.02829389,0.3163574,0.1268459,0.055948276,0.8358115,0.79188794,0.51156646,263_0,0.02079194
primario,0,,9,13_primario_val,0.040557906,0.028792849,0.3344747,0.12897843,0.056743108,0.8414786,0.78371,0.53114796,264_0,0.025125148
primario,0,,9,13_primario_val,0.034547977,0.025368363,0.26440465,0.112906165,0.04962297,0.82490873,0.7688732,0.4539968,267_0,0.015009028
primario,0,,9,13_primario_val,0.04003881,0.034062028,0.24790451,0.14139889,0.06681145,0.7583967,0.72189796,0.41020134,270_0,0.02421301
primario,0,,9,13_primario_val,0.039236292,0.028451607,0.27887797,0.123208866,0.056348328,0.8148463,0.7533195,0.4652865,271_0,0.022368701
primario,0,,9,13_primario_val,0.04247061,0.032073505,0.30045637,0.1398436,0.06474871,0.807094,0.7523052,0.48355538,272_0,0.02863643
primario,0,,9,13_primario_val,0.03855875,0.028609723,0.27034354,0.1175213,0.053797454,0.8086007,0.7503499,0.45384473,273_0,0.023875663
primario,0,,9,13_primario_val,0.035856076,0.02603696,0.31468746,0.1284971,0.05429122,0.8471671,0.79542583,0.5150032,274_0,0.019658156
primario,0,,9,13_primario_val,0.031150755,0.020634413,0.2756873,0.104715675,0.043531727,0.86072963,0.79695636,0.48043314,276_0,0.017125186
primario,0,,9,13_primario_val,0.030169252,0.023527283,0.24913268,0.103330635,0.047485083,0.827424,0.7839667,0.43797803,277_0,0.015898457
primario,0,,9,13_primario_val,0.03734803,0.026203264,0.32290503,0.12132268,0.0516486,0.8498846,0.7926567,0.5241412,278_0,0.019059429
primario,0,,9,13_primario_val,0.04462667,0.032059103,0.3913631,0.14299664,0.06283639,0.8485715,0.7952857,0.5836507,279_0,0.022577073
primario,0,,9,13_primario_val,0.038202178,0.026410192,0.3395323,0.12900232,0.05437355,0.8556593,0.79772997,0.5423953,281_0,0.019774301
primario,0,,9,13_primario_val,0.035542693,0.027003108,0.25947466,0.11497216,0.050288998,0.811482,0.7590468,0.4433785,282_0,0.017038925
primario,0,,9,13_primario_val,0.035517555,0.025118513,0.29051507,0.11562461,0.050591484,0.84083754,0.7821227,0.48808047,283_0,0.023014873
primario,0,,9,13_primario_val,0.034383617,0.023976065,0.28920686,0.11328641,0.04793298,0.84688777,0.78748685,0.48924562,284_0,0.022243576
primario,0,,9,13_primario_val,0.03076931,0.022971118,0.20698386,0.09705558,0.043637507,0.800212,0.74116594,0.3781317,285_0,0.020057295
primario,0,,9,13_primario_val,0.034857348,0.027802683,0.2589811,0.113874264,0.052812625,0.806107,0.76274484,0.4407407,286_0,0.022205982
primario,0,,9,13_primario_val,0.05177189,0.04135333,0.28504723,0.14682777,0.074290715,0.7466099,0.69258344,0.4423289,288_0,0.031266667
primario,0,,9,13_primario_val,0.034485485,0.025236258,0.29262048,0.11898069,0.052146345,0.8412098,0.7891479,0.49039924,289_0,0.01831963
primario,0,,9,13_primario_val,0.035918105,0.02746365,0.27401718,0.120884806,0.056421462,0.81780833,0.7682219,0.46143374,290_0,0.020743927
primario,0,,9,13_primario_val,0.041392684,0.030575294,0.32546574,0.12523042,0.05495681,0.8282485,0.77433974,0.5167225,294_0,0.019336216
primario,0,,9,13_primario_val,0.039759345,0.029453728,0.33635715,0.12893596,0.058427732,0.83896744,0.78857964,0.531704,296_0,0.019693736
primario,0,,9,13_primario_val,0.037069183,0.02598424,0.29097605,0.119463414,0.052120175,0.83604103,0.7739996,0.48654473,297_0,0.01803266
primario,0,,9,13_primario_val,0.035111934,0.026656339,0.32007268,0.12812003,0.055809744,0.84624106,0.8022891,0.5197938,298_0,0.019151567
primario,0,,9,13_primario_val,0.034260742,0.024248764,0.42601898,0.14114267,0.05492755,0.8922918,0.8511308,0.63419527,299_0,0.022807231
primario,0,,9,13_primario_val,0.034045864,0.023100398,0.31860855,0.118543774,0.049563646,0.8647949,0.80691653,0.52662176,300_0,0.018626867
primario,0,,9,13_primario_val,0.029785054,0.019739896,0.30304232,0.117105305,0.048023794,0.87768906,0.821018,0.5164837,301_0,0.017122433
primario,0,,9,13_primario_val,0.031016806,0.020624008,0.3038987,0.11642611,0.04793227,0.8728964,0.8147783,0.515343,302_0,0.016112894
primario,0,,9,13_primario_val,0.02914637,0.019243704,0.33301303,0.11508033,0.045592282,0.89074045,0.83904123,0.55224437,303_0,0.016472833
primario,0,,9,13_primario_val,0.028980477,0.017348353,0.29836255,0.10670188,0.04217243,0.89009976,0.8229351,0.5167533,304_0,0.017620744
primario,0,,9,13_primario_val,0.03512734,0.02059522,0.32197118,0.12335659,0.050755776,0.87975925,0.8032625,0.5365321,305_0,0.02016081
primario,0,,9,13_primario_val,0.031695507,0.02138211,0.2647096,0.10315601,0.043846276,0.8505227,0.7861339,0.46431124,306_0,0.018162062
primario,0,,9,13_primario_val,0.023515739,0.013873177,0.2409269,0.06588264,0.027649658,0.8911054,0.8221487,0.45121962,307_0,0.010061463
primario,0,,9,13_primario_val,0.026444092,0.017392164,0.2374357,0.07983711,0.033702776,0.86349875,0.79957473,0.43727228,308_0,0.012461733
primario,0,,9,13_primario_val,0.037764776,0.026302109,0.29139897,0.1192757,0.05093109,0.8344223,0.7705411,0.48629665,309_0,0.020883657
primario,0,,9,13_primario_val,0.03502104,0.02170014,0.32972184,0.11540756,0.045677617,0.87650096,0.8079686,0.5426599,310_0,0.01868573
suelo desnudo,,0,11,15_suelo_desnudo_val,0.1153646,0.13193874,0.17405134,0.17957026,0.15291326,0.13762735,0.20277646,0.0783743,355_0,0.07026648
suelo desnudo,,0,11,15_suelo_desnudo_val,0.13277361,0.13952625,0.16489477,0.17495371,0.15904972,0.083333686,0.10790923,0.04730457,356_0,0.10741721
suelo desnudo altura,,0,11,16_suelo_desnudo_altura_val,0.11676215,0.13788268,0.15840444,0.2029964,0.18835661,0.069263086,0.15133485,0.038657714,357_0,0.07201414
suelo desnudo altura,,0,11,16_suelo_desnudo_altura_val,0.20584565,0.2358063,0.25145173,0.29739344,0.26649514,0.032109126,0.09972958,0.023771035,358_0,0.15973511
suelo desnudo altura,,0,11,16_suelo_desnudo_altura_val,0.0959323,0.116152704,0.1412549,0.18427685,0.1616058,0.097519256,0.19108368,0.049713388,359_0,0.05096323
suelo desnudo altura,,0,11,16_suelo_desnudo_altura_val,0.12321489,0.1519203,0.17812125,0.1937261,0.17272353,0.07938682,0.18220967,0.047348745,361_0,0.07700871
suelo desnudo altura,,0,11,16_suelo_desnudo_altura_val,0.15432994,0.19347693,0.21974835,0.22188307,0.19609451,0.063576505,0.17487893,0.043151595,362_0,0.105727635
suelo desnudo altura,,0,11,16_suelo_desnudo_altura_val,0.12503159,0.15648149,0.18438952,0.19911091,0.17263722,0.081872694,0.19183542,0.049784143,363_0,0.074982665
suelo desnudo altura,,0,11,16_suelo_desnudo_altura_val,0.17897873,0.22843456,0.27136618,0.2543683,0.21892238,0.08589746,0.20514822,0.06441026,364_0,0.13211893
suelo desnudo altura,,0,11,16_suelo_desnudo_altura_val,0.25655425,0.30306014,0.3632123,0.3990833,0.32360664,0.090281606,0.1720939,0.077364616,366_0,0.19721392
suelo desnudo altura,,0,11,16_suelo_desnudo_altura_val,0.20209384,0.2267359,0.24594697,0.29085356,0.26543772,0.040642615,0.09787754,0.029625898,367_0,0.15388513
suelo desnudo altura,,0,11,16_suelo_desnudo_altura_val,0.073751606,0.08397605,0.11405742,0.13816886,0.123626225,0.15190043,0.21461064,0.06464168,368_0,0.062338315
suelo desnudo altura,,0,11,16_suelo_desnudo_altura_val,0.12284413,0.11801002,0.12842166,0.12247061,0.10500072,0.04224961,0.022197746,0.02092283,369_0,0.113010414
suelo desnudo altura,,0,11,16_suelo_desnudo_altura_val,0.15263426,0.16771592,0.17550638,0.23677991,0.23258655,0.022698004,0.069702186,0.013858376,370_0,0.12222298
suelo desnudo altura,,0,11,16_suelo_desnudo_altura_val,0.15974653,0.16137908,0.16100262,0.16351591,0.14581719,-0.0011677552,0.003916124,-6.866573E-4,371_0,0.13834797
suelo desnudo altura,,0,11,16_suelo_desnudo_altura_val,0.2370315,0.24916235,0.25880915,0.20296456,0.19312814,0.018990835,0.04392065,0.0143557675,372_0,0.18887453
suelo desnudo altura,,0,11,16_suelo_desnudo_altura_val,0.20594835,0.23470658,0.2857391,0.25213045,0.21648563,0.09805541,0.1622794,0.07501504,375_0,0.17276242
suelo desnudo altura,,0,11,16_suelo_desnudo_altura_val,0.14380382,0.15748227,0.21385704,0.26879117,0.23624492,0.15181473,0.19586493,0.097048484,376_0,0.11599763
suelo desnudo altura,,0,11,16_suelo_desnudo_altura_val,0.115125485,0.12757654,0.14677067,0.14637053,0.1232723,0.0699629,0.12083104,0.03718124,377_0,0.08918083
suelo desnudo altura,,0,11,16_suelo_desnudo_altura_val,0.12562744,0.13115062,0.20050158,0.22408374,0.18546693,0.20910749,0.2295844,0.12508406,378_0,0.102721006
suelo desnudo altura,,0,11,16_suelo_desnudo_altura_val,0.11497423,0.1318934,0.16775218,0.20415315,0.17953824,0.11967065,0.18667498,0.06726501,379_0,0.09601229
suelo desnudo altura,,0,11,16_suelo_desnudo_altura_val,0.13592085,0.1429344,0.19856593,0.2370292,0.21225029,0.16290331,0.18728715,0.0991649,381_0,0.113307655
suelo desnudo altura,,0,11,16_suelo_desnudo_altura_val,0.17305616,0.18267877,0.23206247,0.23415494,0.19812848,0.11907111,0.14565195,0.08097979,382_0,0.14795461
suelo desnudo altura,,0,11,16_suelo_desnudo_altura_val,0.19256592,0.20545742,0.26333863,0.33709094,0.2886932,0.12346778,0.1552358,0.08961825,383_0,0.15651892
suelo desnudo altura,,0,11,16_suelo_desnudo_altura_val,0.095408835,0.0977419,0.1984305,0.26165384,0.20070212,0.33996615,0.3506054,0.18969873,384_0,0.077237666
suelo desnudo altura,,0,11,16_suelo_desnudo_altura_val,0.18758854,0.1916159,0.21725444,0.25313333,0.22880572,0.06270582,0.07327755,0.042313874,386_0,0.14158265
suelo desnudo altura,,0,11,16_suelo_desnudo_altura_val,0.18760975,0.26222578,0.2970295,0.35558686,0.2675546,0.06223226,0.22577567,0.04928517,387_0,0.10889113
suelo desnudo altura,,0,11,16_suelo_desnudo_altura_val,0.12738508,0.17334878,0.1847507,0.28908035,0.22697029,0.031840093,0.1837842,0.019931119,388_0,0.07054511
suelo desnudo altura,,0,11,16_suelo_desnudo_altura_val,0.11840782,0.16807899,0.18996938,0.31012994,0.23047046,0.06113807,0.23205851,0.03826775,389_0,0.07075582
suelo desnudo altura,,0,11,16_suelo_desnudo_altura_val,0.122581586,0.16836986,0.17846234,0.26909944,0.20696026,0.029099034,0.18562326,0.017876886,390_0,0.063517615
suelo desnudo altura,,0,11,16_suelo_desnudo_altura_val,0.09829697,0.13572678,0.16470096,0.17574848,0.16802192,0.09644308,0.2524886,0.054297548,391_0,0.06987
suelo desnudo altura,,0,11,16_suelo_desnudo_altura_val,0.0703924,0.09323897,0.115653485,0.08836888,0.08595526,0.10730169,0.24327914,0.04742859,392_0,0.051903423
suelo desnudo altura,,0,11,16_suelo_desnudo_altura_val,0.094810255,0.13396248,0.16708308,0.15045692,0.14320225,0.110018566,0.27596283,0.06202007,393_0,0.06547912
suelo desnudo altura,,0,11,16_suelo_desnudo_altura_val,0.20929712,0.28136525,0.3442415,0.3870062,0.31500727,0.100504436,0.24378493,0.08378982,394_0,0.14081967
suelo desnudo altura,,0,11,16_suelo_desnudo_altura_val,0.15589695,0.22518806,0.2709594,0.31908858,0.23884103,0.09225351,0.2695578,0.06892254,395_0,0.08633144
suelo desnudo altura,,0,11,16_suelo_desnudo_altura_val,0.15002021,0.18775982,0.21492314,0.29081452,0.26183832,0.067455865,0.17784385,0.04513765,396_0,0.09616885
suelo desnudo altura,,0,11,16_suelo_desnudo_altura_val,0.12740716,0.16162157,0.19111314,0.17869313,0.15822738,0.08360837,0.20000602,0.051877048,397_0,0.08204043
suelo desnudo altura,,0,11,16_suelo_desnudo_altura_val,0.15004969,0.19980022,0.23834991,0.24648854,0.22922157,0.08798283,0.22734377,0.06163676,399_0,0.123358235
suelo desnudo altura,,0,11,16_suelo_desnudo_altura_val,0.094466075,0.12407195,0.14730126,0.12333434,0.11973412,0.085599124,0.2185373,0.045171343,400_0,0.06759484
suelo desnudo altura,,0,11,16_suelo_desnudo_altura_val,0.12188837,0.16096114,0.19191721,0.20791942,0.17798734,0.08772449,0.22315997,0.054444004,401_0,0.07106408
suelo desnudo altura,,0,11,16_suelo_desnudo_altura_val,0.12324746,0.1653957,0.20488906,0.24349566,0.20321384,0.1066567,0.24880376,0.068069704,402_0,0.07255337
suelo desnudo altura,,0,11,16_suelo_desnudo_altura_val,0.100021236,0.13157374,0.21311125,0.19567882,0.16058026,0.23655662,0.3611571,0.14479513,403_0,0.059305172
suelo desnudo altura,,0,11,16_suelo_desnudo_altura_val,0.11892874,0.1516797,0.19245918,0.2007684,0.16856855,0.11849718,0.23613775,0.07246347,404_0,0.06964783
suelo desnudo altura,,0,11,16_suelo_desnudo_altura_val,0.12367192,0.16365951,0.20737179,0.2460398,0.21715285,0.1178129,0.25283632,0.075276755,405_0,0.07695914
suelo desnudo altura,,0,11,16_suelo_desnudo_altura_val,0.097692944,0.11608192,0.13107294,0.10017202,0.086999625,0.060654342,0.14591335,0.030096201,406_0,0.06903893
suelo desnudo altura,,0,11,16_suelo_desnudo_altura_val,0.11161613,0.14675193,0.17853975,0.1577037,0.13464813,0.097720996,0.23064715,0.057775624,407_0,0.07517612
suelo desnudo altura,,0,11,16_suelo_desnudo_altura_val,0.16616094,0.21316415,0.27239665,0.28747597,0.25530925,0.12198782,0.24223891,0.09015045,408_0,0.10663606
suelo desnudo altura,,0,11,16_suelo_desnudo_altura_val,0.17614129,0.21937667,0.26867256,0.32243937,0.27362612,0.10100597,0.20802245,0.074838206,409_0,0.121619634
suelo desnudo altura,,0,11,16_suelo_desnudo_altura_val,0.23375402,0.28458753,0.34400737,0.39059213,0.32361996,0.094528034,0.19082852,0.0789741,410_0,0.17755301
suelo desnudo altura,,0,11,16_suelo_desnudo_altura_val,0.14620925,0.19196557,0.24338558,0.21437083,0.19122541,0.118111596,0.2494292,0.08246104,411_0,0.10343283
suelo desnudo altura,,0,11,16_suelo_desnudo_altura_val,0.0731558,0.10067273,0.12571658,0.10055268,0.09313893,0.11062295,0.26429403,0.051715765,412_0,0.049766507
suelo desnudo altura,,0,11,16_suelo_desnudo_altura_val,0.10271709,0.13642165,0.18243726,0.16007449,0.14602049,0.14431338,0.2795685,0.08429219,414_0,0.07074335
suelo desnudo altura,,0,11,16_suelo_desnudo_altura_val,0.0940807,0.11715375,0.15098286,0.21893366,0.18776064,0.1261637,0.23219346,0.06606073,415_0,0.06734164
suelo desnudo altura,,0,11,16_suelo_desnudo_altura_val,0.14205524,0.1828634,0.21158652,0.19238491,0.19287774,0.07281817,0.19661501,0.048168913,416_0,0.094869316
suelo desnudo altura,,0,11,16_suelo_desnudo_altura_val,0.17246638,0.19846492,0.22196738,0.3012329,0.30426437,0.055900723,0.12549889,0.038301244,418_0,0.11393718
suelo desnudo altura,,0,11,16_suelo_desnudo_altura_val,0.14310235,0.16524784,0.18036616,0.22602794,0.23115143,0.043743353,0.115200736,0.026817761,419_0,0.101518355
suelo desnudo altura,,0,11,16_suelo_desnudo_altura_val,0.11773874,0.11626432,0.12515353,0.2246766,0.23773381,0.036820833,0.030527065,0.017984202,420_0,0.090260565
suelo desnudo altura,,0,11,16_suelo_desnudo_altura_val,0.06248745,0.06935405,0.2467477,0.24397248,0.145352,0.5611916,0.59585804,0.3260506,421_0,0.03835726
suelo desnudo altura,,0,11,16_suelo_desnudo_altura_val,0.13535905,0.17925562,0.20381641,0.26997688,0.22888534,0.06411534,0.20183466,0.04171935,424_0,0.08333287
suelo desnudo altura,,0,11,16_suelo_desnudo_altura_val,0.20785876,0.25861996,0.452153,0.44800708,0.33238864,0.2722853,0.3701362,0.23976383,427_0,0.14194062
suelo desnudo altura,,0,11,16_suelo_desnudo_altura_val,0.0987933,0.11203923,0.16534959,0.24128732,0.22528148,0.1921864,0.2519708,0.10286427,428_0,0.07469523
suelo desnudo altura,,0,11,16_suelo_desnudo_altura_val,0.120066665,0.13044386,0.20646392,0.25736958,0.23555343,0.22564057,0.2645916,0.13625169,430_0,0.09200914
suelo desnudo altura,,0,11,16_suelo_desnudo_altura_val,0.08877956,0.09240308,0.1871794,0.29365474,0.24652945,0.33899236,0.35657418,0.18235978,431_0,0.06897597
suelo desnudo altura,,0,11,16_suelo_desnudo_altura_val,0.17937136,0.22722928,0.26717976,0.30039263,0.26085642,0.0808045,0.19663684,0.06026264,433_0,0.12501347
suelo desnudo altura,,0,11,16_suelo_desnudo_altura_val,0.20041849,0.2022822,0.20389861,0.23537114,0.21578771,0.003979517,0.008607406,0.0026756306,435_0,0.18827085
suelo desnudo altura,,0,11,16_suelo_desnudo_altura_val,0.14146139,0.18505423,0.2089097,0.24452144,0.1906363,0.06055244,0.19250537,0.040027585,436_0,0.086298324
suelo desnudo altura,,0,11,16_suelo_desnudo_altura_val,0.1730492,0.17303169,0.19299255,0.21459101,0.19082925,0.05453427,0.05448383,0.03457328,438_0,0.15618184
suelo desnudo altura,,0,11,16_suelo_desnudo_altura_val,0.15633339,0.15710765,0.16630669,0.15999158,0.14298537,0.028443508,0.030911542,0.016757732,439_0,0.14295825
suelo desnudo altura,,0,11,16_suelo_desnudo_altura_val,0.16428308,0.17085578,0.18598448,0.18322313,0.16362439,0.04239629,0.061956625,0.026484579,440_0,0.14621058
suelo desnudo altura,,0,11,16_suelo_desnudo_altura_val,0.1556628,0.162808,0.1896625,0.20013683,0.18743934,0.076189354,0.09845701,0.047252957,442_0,0.13713875
suelo desnudo altura,,0,11,16_suelo_desnudo_altura_val,0.26134938,0.2919815,0.2844456,0.31469366,0.2907036,-0.013073422,0.042316683,-0.010501234,443_0,0.2240728
suelo desnudo altura,,0,11,16_suelo_desnudo_altura_val,0.10475891,0.1377985,0.18535897,0.24334723,0.20599477,0.14717428,0.27781832,0.086667135,445_0,0.06494615
suelo desnudo altura,,0,11,16_suelo_desnudo_altura_val,0.19080074,0.22397548,0.2559755,0.27775177,0.2563723,0.06667355,0.14587788,0.048982095,446_0,0.13224812
